Workbook

Sheet dependências_ priorizações
A1: ESTIMATIVA UCP (USE CASE POINT)
A2: INFORMAÇÃO DAS DEPENDÊNCIAS DE IMPLEMENTAÇÃO ENTRE OS CASOS DE USO
A4: Caso de Uso | B4: Casos de Uso incluídos/extendidos
A10: Casos de Uso incluídos/extendidos | B10: Qtde. de referências
A17: Caso de Uso | B17: Prioridade

Sheet atores
A1: ESTIMATIVA UCP (USE CASE POINT)
A2: INFORMAÇÃO DOS ATORES ENVOLVIDOS
A4: Atores | E4: Simples | F4: Médio | G4: Complexo
E5: (1) | F5: (2) | G5: (3)
D17: TOTAL DE ATORES | E17: =SUM(E6:E16) -> 0 | F17: =SUM(F6:F16) -> 0 | G17: =SUM(G6:G16) -> 0
D18: FATOR APLICADO | E18: =E17*1 -> 0 | F18: =F17*2 -> 0 | G18: =G17*3 -> 0
D20: TOTAL DE PESO DE ATORES | F20: =SUM(E18:G18) -> 0
D21: (SOMATÓRIA DOS FATORES APLICADOS)

Sheet casos_de_uso
A1: ESTIMATIVA UCP (USE CASE POINT)
A2: INFORMAÇÃO DOS CASOS DE USO IDENTIFICADOS
A4: Casos de Uso | E4: Qtde. | F4: Simples | G4: Médio | H4: Complexo
E5: Classes | F5: (1) | G5: (2) | H5: (3)
F6: =IF((E6>0)*(E6<=4),1,0) -> 0 | G6: =IF((E6>4)*(E6<=10),1,0) -> 0 | H6: =IF(E6>10,1,0) -> 0
F7: =IF((E7>0)*(E7<=4),1,0) -> 0 | G7: =IF((E7>4)*(E7<=10),1,0) -> 0 | H7: =IF(E7>10,1,0) -> 0
F8: =IF((E8>0)*(E8<=4),1,0) -> 0 | G8: =IF((E8>4)*(E8<=10),1,0) -> 0 | H8: =IF(E8>10,1,0) -> 0
F9: =IF((E9>0)*(E9<=4),1,0) -> 0 | G9: =IF((E9>4)*(E9<=10),1,0) -> 0 | H9: =IF(E9>10,1,0) -> 0
F10: =IF((E10>0)*(E10<=4),1,0) -> 0 | G10: =IF((E10>4)*(E10<=10),1,0) -> 0 | H10: =IF(E10>10,1,0) -> 0
F11: =IF((E11>0)*(E11<=4),1,0) -> 0 | G11: =IF((E11>4)*(E11<=10),1,0) -> 0 | H11: =IF(E11>10,1,0) -> 0
F12: =IF((E12>0)*(E12<=4),1,0) -> 0 | G12: =IF((E12>4)*(E12<=10),1,0) -> 0 | H12: =IF(E12>10,1,0) -> 0
F13: =IF((E13>0)*(E13<=4),1,0) -> 0 | G13: =IF((E13>4)*(E13<=10),1,0) -> 0 | H13: =IF(E13>10,1,0) -> 0
F14: =IF((E14>0)*(E14<=4),1,0) -> 0 | G14: =IF((E14>4)*(E14<=10),1,0) -> 0 | H14: =IF(E14>10,1,0) -> 0
F15: =IF((E15>0)*(E15<=4),1,0) -> 0 | G15: =IF((E15>4)*(E15<=10),1,0) -> 0 | H15: =IF(E15>10,1,0) -> 0
F16: =IF((E16>0)*(E16<=4),1,0) -> 0 | G16: =IF((E16>4)*(E16<=10),1,0) -> 0 | H16: =IF(E16>10,1,0) -> 0
F17: =IF((E17>0)*(E17<=4),1,0) -> 0 | G17: =IF((E17>4)*(E17<=10),1,0) -> 0 | H17: =IF(E17>10,1,0) -> 0
... F30: =IF((E30>0)*(E30<=4),1,0) -> 0 | G30: =IF((E30>4)*(E30<=10),1,0) -> 0 | H30: =IF(E30>10,1,0) -> 0
C31: TOTAL DE CASOS DE USO | G31: =F32+G32+H32 -> 0
C32: TOTAL DE CASOS DE USO POR COMPLEXIDADE | F32: =SUM(F6:F30) -> 0 | G32: =SUM(G6:G30) -> 0 | H32: =SUM(H6:H30) -> 0
C33: % CASOS DE USO POR COMPLEXIDADE | F33: =(F32/(F32+G32+H32))*100 -> #DIV/0! | G33: =(G32/(F32+G32+H32))*100 -> #DIV/0! | H33: =(H32/(F32+G32+H32))*100 -> #DIV/0!
C34: FATOR APLICADO | F34: =F32*5 -> 0 | G34: =G32*10 -> 0 | H34: =H32*15 -> 0
C36: TOTAL DE PESO DE CASOS DE USO | G36: =SUM(F34:H34) -> 0
C37: (SOMATÓRIA DOS FATORES APLICADOS)
C39: UCP SEM AJUSTE (UUCP) *** | G39: =SUM(atores!F20+G36) -> 0
C40: (SOMATÓRIA DOS PESOS DE ATORES E DE CASOS DE USO)

Sheet fatores_tecnicos
A1: ESTIMATIVA UCP (USE CASE POINT)
A2: CONSIDERAÇÕES TÉCNICAS PARA AJUSTE DO CÁLCULO
A4: Fatores Técnicos | E4: Classificação | F4: Peso | G4: Classificação
E5: (de 0 a 5) | F5: do Fator | G5: Ponderada
A6: FT1 - Sistema implementado será executado em ambiente distribuído | E6: 0 | F6: 2 | G6: =E6*F6 -> 0
A7: FT2 - Performance requerida para a aplicação | E7: 0 | F7: 1 | G7: =E7*F7 -> 0
A8: FT3 - Eficiência da aplicação para o usuário final | E8: 0 | F8: 1 | G8: =E8*F8 -> 0
A9: FT4 - Complexidade de processamento interno | E9: 0 | F9: 1 | G9: =E9*F9 -> 0
A10: FT5 - Necessidade de código reutilizável | E10: 0 | F10: 1 | G10: =E10*F10 -> 0
A11: FT6 - Facilidade de instalação da aplicação | E11: 0 | F11: 0.5 | G11: =E11*F11 -> 0
A12: FT7 - Usabilidade (facilidade de utilização) requerida para a aplicação | E12: 0 | F12: 0.5 | G12: =E12*F12 -> 0
A13: FT8 - Necessidade de portabilidade da aplicação | E13: 0 | F13: 2 | G13: =E13*F13 -> 0
A14: FT9 - Facilidade de manutenção | E14: 0 | F14: 1 | G14: =E14*F14 -> 0
A15: FT10 - Necessidade de concorrência entre a aplicação e outros softwares | E15: 0 | F15: 1 | G15: =E15*F15 -> 0
A16: FT11 - Implementação de aspectos especiais de Segurança | E16: 0 | F16: 1 | G16: =E16*F16 -> 0
A17: FT12 - Necessidade de acesso direto para outros sistemas | E17: 0 | F17: 1 | G17: =E17*F17 -> 0
A18: FT13 - Necessidade de treinamento especializado | E18: 0 | F18: 1 | G18: =E18*F18 -> 0
C19: TOTAL DE CLASSIFICAÇÃO PONDERADA | G19: =SUM(G6:G18) -> 0
C20: FATOR DE COMPLEXIDADE TÉCNICA (TCF) *** | G20: =0.6+(0.01*G19) -> 0.6

Sheet fatores_ambientais
A1: ESTIMATIVA UCP (USE CASE POINT)
A2: CONSIDERAÇÕES AMBIENTAIS PARA AJUSTE DO CÁLCULO
A4: Fatores Ambientais | E4: Classificação | F4: Peso | G4: Classificação
E5: (de 0 a 5) | F5: do Fator | G5: Ponderada
A6: FA1 - Familiaridade dos desenvolvedores com metodologia ALYA & Mobyan | E6: 0 | F6: 1.5 | G6: =E6*F6 -> 0
A7: FA2 - Experiência dos desenvolvedores no negócio | E7: 0 | F7: 0.5 | G7: =E7*F7 -> 0
A8: FA3 - Experiência dos desenvolvedores com Framework, Arquitetura e Tecnologias ALYA & Mobyan | E8: 0 | F8: 1 | G8: =E8*F8 -> 0
A9: FA4 - Capacidade do Analista Líder | E9: 0 | F9: 0.5 | G9: =E9*F9 -> 0
A10: FA5 - Motivação da equipe de desenvolvedores | E10: 0 | F10: 1 | G10: =E10*F10 -> 0
A11: FA6 - Estabilidade dos requisitos | E11: 0 | F11: 2 | G11: =E11*F11 -> 0
A12: FA7 - Alocação de desenvolvedores em regime Part-Time | E12: 0 | F12: -1 | G12: =E12*F12 -> 0
A13: FA8 - Complexidade das linguagem de programação utilizadas | E13: 0 | F13: -1 | G13: =E13*F13 -> 0
C14: TOTAL DE CLASSIFICAÇÃO PONDERADA | G14: =SUM(G6:G13) -> 0
C15: FATORES AMBIENTAIS (EF) *** | G15: =1.4+(-0.03*G14) -> 1.4

Sheet estimativa_esforço
A1: ESTIMATIVA UCP (USE CASE POINT)
A2: APRESENTAÇÃO DOS VALORES DE ESFORÇO
A4: UCP SEM AJUSTE (UUCP) | E4: =casos_de_uso!G39 -> 0
A5: FATOR DE COMPLEXIDADE TÉCNICA (TCF) | E5: =fatores_tecnicos!G20 -> 0.6
A6: FATORES AMBIENTAIS (EF) | E6: =fatores_ambientais!G15 -> 1.4
A7: UCP AJUSTADO (UCP) *** | E7: =E4*E5*E6 -> 0
A9: ESFORÇO TOTAL EM HORAS/HOMEM PARA O PROJETO | E9: =E7*F17 -> 0 | F9: =IF(fatores_ambientais!E6 < 3,1,0) -> 1
F10: =IF(fatores_ambientais!E7 < 3,1,0) -> 1
B11: ESFORÇO EM HORAS/HOMEM POR FASE DO PROJETO | F11: =IF(fatores_ambientais!E9< 3,1,0) -> 1
A12: FASES | D12: PERCENTUAL | E12: HORAS | F12: =IF(fatores_ambientais!E10 < 3,1,0) -> 1 | I12: Horas | J12: Atividades
A13: CONCEPÇÃO | D13: 5 | E13: =(E9*D13)/100 -> 0 | F13: =IF(fatores_ambientais!E11 < 3,1,0) -> 1 | I13: =ROUNDUP(I14*0.6,0) -> 540 | J13: Análise (60% Desenvolvimento)
A14: ELABORAÇÃO | D14: 35 | E14: =(E9*D14)/100 -> 0 | F14: =IF(fatores_ambientais!E12 > 3,1,0) -> 0 | G14: Horas / UCP | I14: =D15*G15 -> 900 | J14: Desenvolvimento
A15: CONSTRUÇÃO | D15: 50 | E15: =(E9*D15)/100 -> 0 | F15: =IF(fatores_ambientais!E13 > 3,1,0) -> 0 | G15: 18 | I15: =ROUNDUP(I14*0.2,0) -> 180 | J15: Teste (20% Desenvolvimento)
A16: TRANSIÇÃO | D16: 10 | E16: =(E9*D16)/100 -> 0 | F16: =SUM(F9:F15) -> 5 | G16: Valor HH | I16: =ROUNDUP(I14*0.2,0) -> 180 | J16: Acomp. Homolog. (20% Desenvolvimento)
C17: TOTAL | D17: =SUM(D13:D16) -> 100 | E17: =SUM(E13:E16) -> 0 | F17: 17 | G17: 135 | I17: =SUM(I13:I16) -> 1800 | J17: Total Esforço em Horas
F18: ; | I18: 2 | J18: Máximo em Recursos Simultâneos
B19: ESFORÇO MÉDIO EM HORAS/HOMEM POR CASO DE USO | F19: =IF(fatores_ambientais!#REF!< 3,1,0) -> #REF! | I19: =ROUNDUP(I17/I18/7,0) -> 129 | J19: Dias Úteis Para Entrega
A20: NÍVEL | D20: PROJETO COMPLETO | E20: CONSTRUÇÃO | F20: =IF(fatores_ambientais!#REF! < 3,1,0) -> #REF! | I20: =I17*G17 -> 243000 | J20: Investimento
A21: SIMPLES | D21: =(((casos_de_uso!F34)*E5*E6)*F17)/casos_de_uso!F32 -> #DIV/0! | E21: =(((((casos_de_uso!F34)*E5*E6)*F17)/casos_de_uso!F32)*D15)/100 -> #DIV/0!
A22: MÉDIO | D22: =(((casos_de_uso!G34)*E5*E6)*F17)/casos_de_uso!G32 -> #DIV/0! | E22: =(((((casos_de_uso!G34)*E5*E6)*F17)/casos_de_uso!G32)*D15)/100 -> #DIV/0!
A23: COMPLEXO | D23: =(((casos_de_uso!H34)*E5*E6)*F17)/casos_de_uso!H32 -> #DIV/0! | E23: =(((((casos_de_uso!H34)*E5*E6)*F17)/casos_de_uso!H32)*D15)/100 -> #DIV/0!

Sheet estimado_realizado
A1: ESTIMATIVA UCP (USE CASE POINT)
A2: INFORMAÇÃO DOS CASOS DE USO IDENTIFICADOS
A4: Casos de Uso | E4: Tempo Estimado | F4: Tempo Medido | G4: Fator Performance
G5: =E5/F5 -> #DIV/0!
G6: =E6/F6 -> #DIV/0!
G7: =E7/F7 -> #DIV/0!
G8: =E8/F8 -> #DIV/0!
D9: Totais | E9: =SUM(E5:E8) -> 0 | F9: =SUM(F5:F8) -> 0 | G9: =E9/F9 -> #DIV/0!
